<?xml version="1.0" encoding="UTF-8"?>
<databaseChangeLog
        xmlns="http://www.liquibase.org/xml/ns/dbchangelog"
        xmlns:xsi="http://www.w3.org/2001/XMLSchema-instance"
        xsi:schemaLocation="http://www.liquibase.org/xml/ns/dbchangelog
        https://www.liquibase.org/xml/ns/dbchangelog/dbchangelog-4.2.xsd">
    <changeSet id="0001-1" author="Mikołaj Sarkowicz MikołajRadwan">
        <createTable tableName="genre">
            <column name="id" type="BIGINT" autoIncrement="true">
                <constraints nullable="false" primaryKey="true"/>
            </column>
            <column name="name" type="VARCHAR(100)">
                <constraints unique="true"/>
            </column>
            <column name="description" type="VARCHAR(500)"/>
        </createTable>
    </changeSet>
</databaseChangeLog>