<?xml version="1.0" encoding="UTF-8"?>
<databaseChangeLog
        xmlns="http://www.liquibase.org/xml/ns/dbchangelog"
        xmlns:xsi="http://www.w3.org/2001/XMLSchema-instance"
        xsi:schemaLocation="http://www.liquibase.org/xml/ns/dbchangelog
        https://www.liquibase.org/xml/ns/dbchangelog/dbchangelog-4.2.xsd">
    <changeSet id="0001-1" author="Mikołaj Sarkowicz MikołajRadwan">
        <createTable tableName="Car">
            <column name="id" type="BIGINT" autoIncrement="true">
                <constraints nullable="false" primaryKey="true"/>
            </column>
            <column name="brand" type="VARCHAR(100)"/>
            <column name="model" type="VARCHAR(100)"/>
            <column name="short_description" type="VARCHAR(250)"/>
            <column name="description" type="VARCHAR(10000)"/>
            <column name="youtube_trailer_id" type="VARCHAR(20)"/>
            <column name="car_year" type="INT"/>
            <column name="poster" type="VARCHAR(100)"/>
            <column name="promoted" type="BOOLEAN"/>
            <column name="genre_id" type="BIGINT">
                <constraints nullable="false"
                             foreignKeyName="fk_movie_genre"
                             referencedTableName="genre"
                             referencedColumnNames="id"/>
            </column>
        </createTable>
    </changeSet>
</databaseChangeLog>