<?xml version="1.0" encoding="UTF-8"?>
<databaseChangeLog
        xmlns="http://www.liquibase.org/xml/ns/dbchangelog"
        xmlns:xsi="http://www.w3.org/2001/XMLSchema-instance"
        xsi:schemaLocation="http://www.liquibase.org/xml/ns/dbchangelog
        https://www.liquibase.org/xml/ns/dbchangelog/dbchangelog-4.2.xsd">
    <changeSet id="0003-1" author="Mikołaj Sarkowicz Mikołaj Radwan">
        <createTable tableName="users">
            <column name="id" type="BIGINT" autoIncrement="true">
                <constraints nullable="false" primaryKey="true"/>
            </column>
            <column name="email" type="VARCHAR(100)">
                <constraints unique="true"/>
            </column>
            <column name="password" type="VARCHAR(200)"/>
        </createTable>

        <createTable tableName="user_role">
            <column name="id" type="BIGINT" autoIncrement="true">
                <constraints nullable="false" primaryKey="true"/>
            </column>
            <column name="name" type="VARCHAR(100)">
                <constraints unique="true"/>
            </column>
            <column name="description" type="VARCHAR(100)"/>
        </createTable>

        <createTable tableName="user_roles">
            <column name="user_id" type="BIGINT">
                <constraints nullable="false"
                             foreignKeyName="fk_user_roles_user_id"
                             referencedTableName="users"
                             referencedColumnNames="id"
                             primaryKey="true"
                             primaryKeyName="pk_user_roles"
                />
            </column>
            <column name="role_id" type="BIGINT">
                <constraints nullable="false"
                             foreignKeyName="fk_user_roles_role_id"
                             referencedTableName="user_role"
                             referencedColumnNames="id"
                             primaryKey="true"
                             primaryKeyName="pk_user_roles"
                />
            </column>
        </createTable>
    </changeSet>
</databaseChangeLog>