<?xml version="1.0" encoding="UTF-8"?>
<databaseChangeLog
        xmlns="http://www.liquibase.org/xml/ns/dbchangelog"
        xmlns:xsi="http://www.w3.org/2001/XMLSchema-instance"
        xsi:schemaLocation="http://www.liquibase.org/xml/ns/dbchangelog
        https://www.liquibase.org/xml/ns/dbchangelog/dbchangelog-4.2.xsd">
    <changeSet id="0004-1" author="Mikołaj Sarkowicz Mikołaj Radwan">
        <createTable tableName="car_rating">
            <column name="id" type="BIGINT" autoIncrement="true">
                <constraints nullable="false" primaryKey="true"/>
            </column>
            <column name="user_id" type="BIGINT">
                <constraints nullable="false"
                             foreignKeyName="fk_car_rating_user_id"
                             referencedTableName="users"
                             referencedColumnNames="id"
                />
            </column>
            <column name="car_id" type="BIGINT">
                <constraints nullable="false"
                             foreignKeyName="fk_car_rating_car_id"
                             referencedTableName="car"
                             referencedColumnNames="id"
                />
            </column>
            <column name="rating" type="INT">
                <constraints nullable="false"/>
            </column>
        </createTable>
        <addUniqueConstraint constraintName="unique_car_rating"
                             tableName="car_rating"
                             columnNames="user_id, car_id"
        />
    </changeSet>
</databaseChangeLog>